label,kappa
Testing,0.48180272465836815
Training,0.4265048878859579
